{
  "generatedAt": "2026-04-29T12:18:30.236Z",
  "source": "/tmp/rwb-export/screens",
  "n": 139,
  "cmfMin": 9.86,
  "ecoMin": 9.39,
  "models": {
    "M0_distMul_v3": {
      "mape": 36.01526499922107,
      "mae": 0.544949727844499,
      "bias": 5.54155129863883,
      "formula": "distMul(km) — текущий бакет в zones.ts"
    },
    "M1_linear_km": {
      "mape": 31.8464648726058,
      "mae": 0.4278505464098155,
      "bias": -14.984048255482252,
      "formula": "0.691 + 0.1468·km"
    },
    "M2_km_tripMin": {
      "mape": 23.397593248145526,
      "mae": 0.32734008847440077,
      "bias": -4.516502811667417,
      "formula": "0.113 + 0.0422·km + 0.0828·tripMin",
      "beta": [
        0.11273571618625877,
        0.04222244833203247,
        0.08279270008072226
      ]
    },
    "M3_full_linear": {
      "mape": 21.504566752750648,
      "mae": 0.3035659256371565,
      "bias": -4.206526823460758,
      "formula": "0.1208·intercept + -0.0010·km + 0.0907·tripMin + 0.1106·sin(h) + 0.2689·cos(h) + 0.0180·centDist + 0.0497·outbound",
      "beta": [
        0.12076977259964722,
        -0.001015341448399265,
        0.09066424578629217,
        0.11057128146650563,
        0.2689235213738508,
        0.01795571680324144,
        0.04970423694926283
      ],
      "labels": [
        "intercept",
        "km",
        "tripMin",
        "sin(h)",
        "cos(h)",
        "centDist",
        "outbound"
      ]
    },
    "M4_with_dow": {
      "mape": null,
      "mae": null,
      "bias": null,
      "skipped": "singular matrix (нет разнообразия по дню недели)"
    },
    "M5_bucket2d": {
      "mape": 15.923954946473998,
      "mae": 0.2496242502955041,
      "bias": 1.515263663340491,
      "kmBuckets": [
        0,
        2.5,
        4,
        6,
        9,
        13,
        20,
        1000000000
      ],
      "minBuckets": [
        0,
        5,
        10,
        15,
        20,
        30,
        45,
        1000000000
      ],
      "cells": {
        "0,0": {
          "med": 0.497,
          "n": 7
        },
        "0,1": {
          "med": 0.73,
          "n": 43
        },
        "3,4": {
          "med": 2.424,
          "n": 12
        },
        "0,4": {
          "med": 2.84,
          "n": 1
        },
        "2,2": {
          "med": 1.156,
          "n": 7
        },
        "5,4": {
          "med": 4.153,
          "n": 2
        },
        "3,3": {
          "med": 1.491,
          "n": 5
        },
        "4,4": {
          "med": 1.907,
          "n": 9
        },
        "2,1": {
          "med": 1.197,
          "n": 4
        },
        "1,2": {
          "med": 1.156,
          "n": 5
        },
        "0,2": {
          "med": 0.984,
          "n": 12
        },
        "6,4": {
          "med": 4.665,
          "n": 1
        },
        "3,2": {
          "med": 1.618,
          "n": 4
        },
        "4,3": {
          "med": 1.755,
          "n": 1
        },
        "5,2": {
          "med": 0.974,
          "n": 1
        },
        "1,1": {
          "med": 0.974,
          "n": 4
        },
        "2,4": {
          "med": 1.547,
          "n": 4
        },
        "1,3": {
          "med": 1.491,
          "n": 2
        },
        "6,5": {
          "med": 5.274,
          "n": 1
        },
        "5,1": {
          "med": 0.913,
          "n": 2
        },
        "4,1": {
          "med": 0.862,
          "n": 1
        },
        "2,3": {
          "med": 1.298,
          "n": 3
        },
        "4,2": {
          "med": 1.217,
          "n": 4
        },
        "5,5": {
          "med": 3.499,
          "n": 1
        },
        "4,5": {
          "med": 3.54,
          "n": 2
        },
        "2,5": {
          "med": 4.158,
          "n": 1
        }
      },
      "globalMedian": 1.116
    },
    "M6_bucket_hour": {
      "mape": 19.473765481138074,
      "mae": 0.2663959117108058,
      "bias": -6.703502944670331,
      "hourCoeffs": [
        0.1127503290728906,
        0.11634045606388624,
        0.1846961816209762
      ]
    }
  },
  "loo": {
    "M1": 32.476525055428205,
    "M2": 24.008631758715723,
    "M3": 22.794105198482402,
    "M4": null
  },
  "best": "M5_bucket2d"
}