{
  "version": 3,
  "trainedAt": "2026-05-02T13:43:22.719Z",
  "trainedFrom": "/tmp/calib-data/calib",
  "nTotal": 1319,
  "surgeFeatures": [
    "intercept",
    "is_red",
    "is_yellow",
    "is_short",
    "is_morn",
    "is_eve",
    "is_night",
    "is_weekend",
    "dow_sin",
    "dow_cos",
    "eta_excess"
  ],
  "floors": {
    "E": 5,
    "C": 6
  },
  "tariff": {
    "E": {
      "base": 1.3512862056331691,
      "per_km": 0.5434116477105407,
      "per_min": 0.6766663697675044,
      "n": 301
    },
    "C": {
      "base": 1.9967160911853306,
      "per_km": 0.5903413647478126,
      "per_min": 0.7449658379949139,
      "n": 301
    }
  },
  "filterStats": {
    "totalRead": 1943,
    "noFact": 8,
    "highAnom": 315,
    "anyAnom": 587,
    "badGeo": 0,
    "badKm": 28,
    "etaImpossible": 347,
    "noTime": 1,
    "kept": 1319
  },
  "E": {
    "surgeWeights": [
      0.5798670113499867,
      0.6036273692123478,
      0.2670982221290407,
      0.23504283331821052,
      -0.050387954863708735,
      0.02194527670633694,
      0.22759446402159086,
      0.25903252416691996,
      -0.06481382427061545,
      -0.225082389467374,
      -0.0069096976129420845
    ],
    "n": 1305,
    "metrics": {
      "mae": 2.8381320967748254,
      "mape": 0.2473021822942756,
      "hit10": 0.2704980842911877,
      "hit25": 0.6015325670498084,
      "mapeLoo": null,
      "hit10Loo": null,
      "hit25Loo": null
    }
  },
  "C": {
    "surgeWeights": [
      0.6154011265242527,
      0.5565725416004809,
      0.2434291090882625,
      0.19191038072505595,
      -0.03276409288103219,
      0.0246608470685868,
      0.2149956377183621,
      0.21403098712539093,
      -0.06090341987589445,
      -0.19231239121591565,
      -0.000053280494010637876
    ],
    "n": 1311,
    "metrics": {
      "mae": 3.096370245840273,
      "mape": 0.2286452386446322,
      "hit10": 0.2776506483600305,
      "hit25": 0.6132723112128147,
      "mapeLoo": null,
      "hit10Loo": null,
      "hit25Loo": null
    }
  }
}